Feature,Joint Angle,Correlation
R-M-TaG_y,R2B_rot,-0.8742105860140138
L-F-TaG_y,L1A_flex,0.859236519114606
R-F-TaG_y,R1A_flex,0.8465766109002215
L-M-TaG_y,L2B_rot,0.8423883050392895
L-M-TaG_z,L2B_flex,-0.8415679194213107
L-H-TaG_y,L3A_rot,-0.8279486063784569
R-F-TaG_y,R1C_flex,0.8164449361685666
L-F-TaG_y,L1C_flex,0.7980686739301825
L-M-TaG_z,L2A_rot,0.7891403541744456
R-M-TaG_x,R2C_flex,0.7634186534654253
R-H-TaG_y,R3C_flex,-0.7570360576075914
L-H-TaG_y,L3C_flex,-0.7501907993327098
R-H-TaG_y,R3A_rot,0.7306998146008482
R-F-TaG_y,R1A_rot,0.7291053281586668
L-F-TaG_y,L1A_rot,-0.7058812653347988
R-M-TaG_y,R2A_flex,0.6769689158396508
L-F-TaG_z,L1B_rot,0.6687230798610074
R-M-TaG_y,R2C_rot,0.6665512133109516
R-F-TaG_z,R1B_rot,-0.6632509477075009
R-H-TaG_y,R3B_flex,-0.6602547251564002
R-H-TaG_z,R3B_flex,-0.6494940940103094
L-M-TaG_z,L2D_flex,-0.6450378845818024
R-H-TaG_y,R3A_flex,0.6416087706199445
R-F-TaG_x,R1B_rot,0.6239321107595042
R-F-TaG_z,R1B_flex,-0.6196073776147148
L-M-TaG_x,L2C_flex,-0.6193451149336154
L-F-TaG_y,L1B_flex,0.6106031014379139
R-F-Vel_r,R1A_rot,-0.602567142707131
R-F-TaG_y,R1B_flex,0.5968344744205863
R-F-TaG_y,R1D_flex,0.5936354087573591
L-F-TaG_y,L1D_flex,0.5874480475922196
R-F-TaG_z,R1A_rot,-0.5836549369624375
L-M-TaG_z,L2C_flex,-0.5790510023702419
R-H-TaG_z,R1A_abduct,-0.5708617604654064
L-F-Vel_r,L1B_flex,-0.5696330684533962
L-F-TaG_y,R1C_flex,-0.560304654354826
R-M-TaG_y,R2A_rot,0.5554170292996978
L-M-TaG_y,R1C_flex,0.5514146550852494
R-M-TaG_z,R2A_rot,-0.550441841351426
L-M-TaG_y,R1B_flex,0.5456186449912883
R-H-TaG_z,L2A_abduct,-0.5444381513344985
L-M-TaG_y,R1A_flex,0.5439768199116112
L-H-TaG_z,L3B_flex,-0.5439333607950387
L-H-Vel_r,L3C_flex,0.5434831065193019
L-F-TaG_z,L1B_flex,-0.5423464302396144
R-F-Vel_r,R1B_flex,-0.5410187082807398
L-H-TaG_z,L3B_rot,-0.5377380192358859
L-F-Vel_z,L1C_flex,-0.5347528007252321
L-F-TaG_y,R1A_rot,-0.5336754016730326
R-H-TaG_z,R2A_abduct,-0.5333212954190758
L-H-TaG_y,R3B_flex,0.533201044663852
L-H-TaG_z,L2A_rot,0.522796782590983
R-F-TaG_y,L1C_flex,-0.5227136048708149
R-F-Vel_z,R1C_flex,-0.5218244107400177
L-H-TaG_r,L3A_flex,-0.5206885192990717
L-F-TaG_y,R1B_flex,-0.5183145869389704
L-F-Vel_r,L1A_rot,0.5156805629506008
L-H-Vel_r,L3A_rot,0.5135605722099946
L-M-TaG_y,R1A_rot,0.513449703714185
L-F-Vel_z,L1B_flex,-0.5131128801748358
L-F-Vel_r,L1C_flex,-0.5102485946733987
R-M-TaG_r,R2B_flex,-0.508093776974757
R-F-Vel_z,R1B_flex,-0.5050183914987938
z_vel_lag_minus_10,R3A_flex,0.5049554554601613
R-H-Vel_y,R1C_flex,0.5025204134820143
R-F-Vel_z,R1A_rot,-0.5008078742904953
L-H-TaG_y,R3C_flex,0.5006103280148997
R-H-Vel_y,R2B_rot,0.49977104292257274
R-M-TaG_y,R1C_flex,-0.49860017948109886
z_vel_lag_minus_5,R3A_flex,0.49814418092340507
L-H-TaG_z,L1A_abduct,-0.4973427998228121
R-H-TaG_y,L3D_flex,0.49613266748590257
R-F-Vel_r,R1C_flex,-0.49552222009661134
R-H-Vel_r,R3C_flex,0.4945838709592292
L-H-Vel_y,L1C_flex,0.4935624641544656
R-M-TaG_y,R1A_rot,-0.4923990517621245
z_vel_lag_minus_3,R3A_flex,0.4923791327337897
z_vel_lag_minus_20,R3A_flex,0.4918798560506966
z_vel_ma20,R3A_flex,0.4911021577621293
R-M-TaG_y,R1B_flex,-0.4897562873274768
z_vel_lag_minus_2,R3A_flex,0.48903639527702203
z_vel_ma10,R3A_flex,0.48625792876552937
z_vel_lag_minus_1,R3A_flex,0.4854832171181666
R-H-TaG_x,R3C_rot,0.4837145121384608
R-H-TaG_z,R3B_rot,0.4831219240887735
z_vel_ma5,R3A_flex,0.48256116365520857
R-H-TaG_y,L3C_flex,0.48200884956652146
R-H-Vel_y,L2B_rot,0.48054598503397083
z_vel_lag_plus_1,R3A_flex,0.477799656835057
L-H-Vel_y,R2B_rot,-0.4775558881423783
z_vel_lag_plus_2,R3A_flex,0.4738986993975077
L-F-Vel_z,L1A_rot,0.47308321137971304
L-F-TaG_z,R2A_abduct,0.4720284387523681
z_vel_lag_plus_3,R3A_flex,0.4700311301715834
L-F-TaG_r,L1B_rot,0.46738373103328185
R-H-Vel_r,R3A_rot,-0.46690675613240346
R-M-TaG_z,R2B_flex,-0.46565598562005023
R-H-Vel_y,R1A_flex,0.464682472605657
L-H-TaG_y,L3A_flex,0.46434081061912674
R-H-TaG_y,R3D_flex,-0.4638273108808802
z_vel_lag_plus_5,R3A_flex,0.46223942440932897
L-M-TaG_y,L3C_flex,0.46204716401784063
L-H-TaG_y,R3A_rot,-0.4612498280657296
y_vel_ma20,L2A_abduct,-0.46013090196943107
R-F-TaG_y,L1B_flex,-0.4585487550679167
R-H-Vel_y,R1B_flex,0.4578125542245177
L-F-Vel_z,L1A_flex,-0.4569892320772929
L-H-TaG_z,R2A_abduct,-0.4559029556915842
L-H-TaG_z,L2A_abduct,-0.4552573717505013
L-M-TaG_y,L2C_rot,-0.454745952912917
L-F-Vel_r,L1B_rot,0.4541645238352244
R-H-Vel_r,R3B_flex,0.45083601690882386
L-F-TaG_z,L2A_abduct,0.4507820865142778
L-H-TaG_z,R2B_flex,-0.4498816705685403
z_vel_ma20,L2C_flex,0.4497309902541711
L-H-TaG_z,L3C_flex,-0.4495926386855417
L-H-Vel_y,L1B_flex,0.4485391878404572
z_vel_ma10,L2C_flex,0.44538473611663065
L-F-TaG_y,R1A_flex,-0.44461885421894265
L-H-TaG_y,L3B_flex,-0.44437601486875994
R-F-Vel_z,R1A_flex,-0.4442538350417369
z_vel_ma5,L2C_flex,0.4439587178371968
z_vel_lag_minus_1,L2C_flex,0.4435691445211963
z_vel_lag_minus_2,L2C_flex,0.44333049804947805
R-F-TaG_y,R2B_rot,0.4432433252047458
R-H-TaG_y,L1A_abduct,0.4430512901893999
z_vel_lag_minus_3,L2C_flex,0.44267923056011993
z_vel_lag_plus_1,L2C_flex,0.4426366057498788
z_vel_lag_plus_10,R3A_flex,0.4424775880142852
R-F-TaG_y,L2B_rot,0.442102830472381
z_vel_lag_plus_2,L2C_flex,0.4417396179325746
z_vel_lag_plus_3,L2C_flex,0.4407971975661894
L-M-TaG_x,L2D_flex,-0.4402885650815617
z_vel_lag_minus_5,L2C_flex,0.4401110389582538
L-H-TaG_r,L3B_rot,-0.43968387774689793
L-H-Vel_y,R1A_flex,-0.4396725442531855
L-H-TaG_z,R3A_flex,-0.4391531639526644
z_vel_lag_plus_5,L2C_flex,0.4389646212198601
y_vel_ma20,R2A_abduct,-0.4383163613006721
R-H-TaG_z,R3C_flex,-0.4379457117099577
R-H-TaG_z,L3A_rot,0.437041041600114
R-H-TaG_y,L3B_flex,0.4359191885636042
L-H-Vel_y,L1A_flex,0.4358754813071432
R-M-TaG_y,L1A_rot,-0.4346439436321621
R-H-TaG_x,R3A_rot,0.43462630056552803
z_vel_lag_plus_10,L2C_flex,0.4343818560367226
R-F-TaG_y,L1A_flex,-0.4337266675407509
R-M-TaG_y,L1A_flex,0.4319352085234871
L-F-TaG_y,R2B_rot,-0.4314135160155022
L-F-TaG_y,L1A_abduct,-0.43087054137603437
L-F-TaG_y,L2B_rot,-0.4307519291154599
y_vel_ma10,L2A_abduct,-0.43071803016688415
L-F-TaG_r,L1A_abduct,-0.43057270049302765
L-F-Vel_r,R1A_rot,0.42952689516265197
R-F-TaG_x,R1C_rot,-0.42945223846328884
R-M-TaG_x,R2D_flex,0.4289366906155403
R-H-TaG_z,R2A_flex,-0.4281347678446799
R-M-TaG_y,L3A_rot,-0.42787270643317643
z_vel_lag_minus_10,L2C_flex,0.42781198127636005
L-H-TaG_y,R1A_rot,-0.42725890829587304
R-F-TaG_y,L1A_rot,0.4254857635910915
R-H-Vel_y,L1A_flex,-0.42496900172336705
xy_velocity,R1B_rot,-0.42419011521787336
R-F-Vel_r,L3C_flex,-0.4237011540390705
R-F-TaG_y,R1A_abduct,-0.4216670701618071
R-F-TaG_y,L1D_flex,-0.42071507241676886
L-M-TaG_x,L2A_abduct,-0.42021239451585746
R-M-Vel_r,R2A_rot,-0.41984780173228636
L-H-TaG_y,L1A_rot,-0.4189515528874769
R-H-TaG_z,R3A_rot,0.4180422919863208
velocity_magnitude,R1B_rot,-0.41721965678571993
R-M-Vel_r,R2B_rot,0.416827533337067
z_vel_ma20,L1A_abduct,0.4165275857412478
L-H-TaG_z,L3D_flex,-0.4164623642442931
L-F-TaG_z,L3C_rot,-0.41590092421382874
y_vel_ma5,L2A_abduct,-0.414752404399546
R-M-TaG_y,L2B_rot,-0.4147406849987527
L-M-TaG_y,R2B_rot,0.41445764211876723
L-F-TaG_y,L3A_rot,-0.41371309208182544
L-H-TaG_y,R3D_flex,0.4135526100841278
L-F-Vel_r,L3C_flex,0.41317192119795026
z_vel_lag_minus_20,L1A_abduct,0.41207987798062873
R-H-TaG_y,R2A_abduct,0.41206747929824505
z_vel_lag_minus_10,L1A_abduct,0.41160558946408543
R-F-TaG_z,R1A_abduct,0.4111611902264297
R-F-Vel_r,R1B_rot,-0.410704743231246
z_vel_ma20,L2D_flex,0.41035077285811306
y_vel_ma20,L1A_abduct,-0.4103005564179646
xz_velocity,R1B_rot,-0.410011938602447
y_vel_ma10,R2A_abduct,-0.40969532858472374
z_vel_ma10,L1A_abduct,0.40941782722717435
z_vel_lag_plus_20,R3A_flex,0.40941771370242
R-M-TaG_y,R3B_flex,0.40909700376618013
R-F-TaG_y,L1A_abduct,0.4090875899560539
z_vel_lag_plus_20,L2C_flex,0.40905233313956935
z_vel_lag_minus_5,L1A_abduct,0.40833555747214667
y_vel_lag_minus_1,L2A_abduct,-0.40826712766137147
L-M-TaG_y,L2A_rot,-0.4080831821518532
y_vel_lag_plus_20,L2A_abduct,-0.4080490894364357
y_vel_lag_minus_2,L2A_abduct,-0.40768815560437494
z_vel_lag_minus_3,L1A_abduct,0.4074630835152875
L-H-TaG_z,L3A_flex,-0.4073888340785588
y_vel_lag_plus_1,L2A_abduct,-0.4073693926741663
z_vel_lag_minus_2,L1A_abduct,0.40708729795029
z_vel_ma5,L1A_abduct,0.4070553844911786
R-F-Vel_r,R3C_flex,0.4070261108008914
z_vel_lag_minus_1,L1A_abduct,0.4067098106696896
x_vel_lag_plus_1,R1B_rot,-0.4066759582762964
x_vel_ma5,R1B_rot,-0.4065797622981787
R-H-Vel_y,R1A_rot,0.40650886663825664
y_vel_lag_minus_3,L2A_abduct,-0.40642976165687916
y_vel_lag_plus_2,L2A_abduct,-0.40616154625453627
z_vel_lag_plus_1,L1A_abduct,0.40558879551535504
y_vel_lag_plus_10,L2A_abduct,-0.4055791572222799
L-H-TaG_y,L3D_flex,-0.4052656357376132
y_vel_ma10,L1A_abduct,-0.40525286480909967
x_vel_ma10,R1B_rot,-0.40515819594197483
z_vel_ma10,L2D_flex,0.40500428167665103
z_vel_lag_plus_2,L1A_abduct,0.40482044473270895
y_vel_lag_plus_3,L2A_abduct,-0.40476320810173216
z_vel_ma20,L2A_abduct,0.4045586922038328
x_vel_lag_minus_1,R1B_rot,-0.4042918033938186
x_vel_lag_plus_2,R1B_rot,-0.40417149834343874
x_vel_ma20,R1B_rot,-0.4041152951618245
z_vel_lag_plus_3,L1A_abduct,0.4040187378307798
L-H-TaG_x,L3A_rot,0.4036808639480004
z_vel_ma5,L2D_flex,0.40358465689834283
R-M-TaG_y,L1C_flex,0.4033270480924604
z_vel_lag_plus_1,L2D_flex,0.40308841667352163
z_vel_lag_plus_2,L2D_flex,0.4030593237454319
z_vel_lag_plus_3,L2D_flex,0.40285499452119045
R-M-TaG_y,L3C_flex,-0.402657674962354
y_vel_lag_minus_5,L2A_abduct,-0.40249772235392506
z_vel_lag_plus_5,L1A_abduct,0.4023560743125942
L-F-TaG_z,L1A_rot,0.4022776136594847
z_vel_lag_minus_1,L2D_flex,0.40227519025130704
y_vel_lag_plus_5,L2A_abduct,-0.40223041992594544
z_vel_lag_plus_5,L2D_flex,0.4020098885494758
y_vel_lag_minus_20,L2A_abduct,-0.4019296034561288
z_vel_lag_minus_2,L2D_flex,0.40139098153457503
R-M-TaG_r,L3A_flex,-0.4013897030706103
x_vel_lag_minus_2,R1B_rot,-0.40039439461802645
L-H-Vel_y,R1D_flex,-0.40038855281127567
y_vel_ma5,L1A_abduct,-0.400310034433541
z_vel_lag_minus_3,L2D_flex,0.4002627207874156
x_vel_lag_plus_3,R1B_rot,-0.4001386575439371
z_vel_lag_minus_20,L2A_abduct,0.39991631023511726
R-F-Vel_r,L1A_rot,-0.3997401804783914
R-F-TaG_z,R3C_rot,0.3988773966556061
z_vel_lag_plus_10,L1A_abduct,0.3984522713613526
L-H-TaG_y,R2A_rot,0.39829841671056265
y_vel_lag_minus_1,L1A_abduct,-0.39797466242789725
z_vel_lag_minus_5,L2D_flex,0.39735252759036926
z_vel_ma10,L2A_abduct,0.39712752357394104
L-F-TaG_z,L3B_flex,0.39687856491754336
z_vel_lag_plus_10,L2D_flex,0.39677368327251156
x_vel_lag_minus_3,R1B_rot,-0.3964065081656731
z_vel_lag_minus_20,L2C_flex,0.39593929342071316
L-H-Vel_r,R3C_flex,-0.39571949151478036
z_vel_lag_plus_10,L2A_abduct,0.3956423090481507
z_vel_lag_plus_20,L2A_abduct,0.3955100125243072
R-M-TaG_y,R3C_flex,0.39540562996371076
R-F-TaG_r,R1B_rot,-0.39527655462918027
z_vel_lag_minus_10,L2A_abduct,0.39525931552440186
z_vel_ma5,L2A_abduct,0.39477739250411525
z_vel_lag_plus_5,L2A_abduct,0.3944012665644892
z_vel_lag_plus_3,L2A_abduct,0.39403419966517444
z_vel_lag_minus_5,L2A_abduct,0.39394377516686424
z_vel_lag_plus_2,L2A_abduct,0.3938973034491898
y_vel_ma5,R2A_abduct,-0.393823409187057
z_vel_lag_plus_1,L2A_abduct,0.39381758559457375
z_vel_lag_minus_3,L2A_abduct,0.3937463243884325
L-M-TaG_x,R2A_abduct,-0.3937246702625353
z_vel_lag_minus_1,L2A_abduct,0.3937219721019986
z_vel_lag_minus_2,L2A_abduct,0.3937011006253615
y_vel_lag_minus_10,L2A_abduct,-0.3936330396868959
x_vel_lag_minus_10,R1B_rot,-0.3932261100163296
y_vel_lag_minus_2,L1A_abduct,-0.3929189893115622
y_vel_lag_plus_20,R2A_abduct,-0.39259756032661697
y_vel_lag_plus_1,L1A_abduct,-0.3924159544921545
L-M-TaG_y,L1C_flex,-0.3923430156638532
R-H-Vel_r,L3C_flex,-0.392132004808881
R-M-Vel_z,R2A_rot,-0.3920040780529619
R-F-TaG_z,L2A_abduct,0.3919587466667326
R-M-TaG_z,R2A_abduct,-0.3911111786586964
L-F-TaG_y,R1A_abduct,0.3911083496251107
R-F-TaG_r,R1A_abduct,-0.3902200934138174
x_vel_lag_minus_5,R1B_rot,-0.38987796963846566
y_vel_lag_minus_2,R2A_abduct,-0.38948322010436803
y_vel_lag_minus_3,R2A_abduct,-0.3894158620785685
L-F-Vel_y,L1B_rot,0.3889131539889885
y_vel_lag_minus_1,R2A_abduct,-0.3888360645556259
x_vel_lag_plus_5,R1B_rot,-0.38864994379977635
y_vel_lag_minus_5,R2A_abduct,-0.38738239675829356
L-H-Vel_y,L1A_abduct,-0.38717607322984293
z_vel_lag_minus_10,L2D_flex,0.3870688158164585
z_vel_lag_plus_20,L1A_abduct,0.38696904338553595
y_vel_lag_minus_20,L1A_abduct,-0.3863894545757051
L-H-Vel_y,L1A_rot,-0.3861999459449281
y_vel_lag_plus_1,R2A_abduct,-0.38554138570428376
y_vel_lag_plus_10,R2A_abduct,-0.38540446601823836
L-F-Vel_r,L1A_flex,-0.3846456080282452
y_vel_ma20,R1A_abduct,-0.3845934887358575
L-H-TaG_z,R2B_rot,-0.384125784916138
L-H-Vel_y,R1C_flex,-0.38392720969863764
y_vel_lag_plus_2,R2A_abduct,-0.3832957089119819
y_vel_lag_minus_3,L1A_abduct,-0.3832544717858339
y_vel_lag_minus_20,R2A_abduct,-0.383197980681334
R-H-TaG_y,L1B_flex,-0.38314394937137664
L-H-TaG_x,L3C_rot,0.38312156783485996
L-M-TaG_x,L1A_abduct,-0.38283758418012614
y_vel_lag_plus_2,L1A_abduct,-0.38277499838181545
R-H-TaG_z,R3D_flex,-0.382745484332188
R-H-TaG_y,L2A_abduct,0.38266548488158636
L-M-TaG_y,L1A_rot,0.3818715738044103
L-H-Vel_y,L2B_rot,-0.3812858462860158
y_vel_lag_plus_3,R2A_abduct,-0.381090979565118
R-F-Vel_r,R1A_flex,-0.38076676738792437
L-M-TaG_y,L3B_flex,0.3798700760871062
y_vel_lag_minus_10,R2A_abduct,-0.37938547818593565
y_vel_lag_plus_5,R2A_abduct,-0.37810111827824566
R-M-Vel_r,L3A_rot,0.3775558236211824
R-M-Vel_x,L3A_rot,0.3757665153788585
y_vel_lag_minus_10,R1A_abduct,-0.3757455673981122
L-H-Vel_r,L3B_flex,0.37524956048262453
z_vel_lag_plus_20,L2D_flex,0.3751892755707908
y_vel_lag_minus_3,L2C_flex,-0.3747777639651167
R-F-Vel_y,R3C_flex,0.37450295860787075
R-M-Vel_r,L3C_flex,0.37371205025088683
y_vel_lag_minus_5,L2C_flex,-0.373284144497149
L-F-Vel_z,R1A_rot,0.37314766857880594
L-H-TaG_z,L2C_rot,0.37288952675077974
R-F-TaG_z,R3D_flex,0.3722690224511469
L-F-Vel_r,R3C_flex,-0.3713703652393109
R-M-TaG_y,L1B_flex,0.37099694898277247
L-H-Vel_r,R1A_rot,0.3708908473722899
R-H-TaG_x,R3A_flex,0.370688075061516
R-M-TaG_y,R1A_abduct,0.3705522307573036
R-F-Vel_r,R3B_flex,0.3701800011122941
y_vel_lag_plus_3,L1A_abduct,-0.37012095341354323
R-M-TaG_z,R2D_flex,-0.37005409976363685
L-F-TaG_y,R1D_flex,-0.36971968139023154
R-F-TaG_z,L3A_rot,-0.36963087066354805
L-M-TaG_z,R2C_flex,-0.3696159426198148
x_vel_lag_minus_20,R1B_rot,-0.36898735495461765
y_vel_lag_minus_2,L2C_flex,-0.36858244133810303
z_vel_lag_plus_20,R2A_abduct,0.3680764909385931
R-M-Vel_y,R3D_flex,-0.3671646575766632
x_vel_ma20,L2D_flex,0.366864965028298
x_vel_ma10,L2D_flex,0.3668408560382333
x_vel_ma5,L2D_flex,0.36677422812572463
z_vel_ma20,R2A_abduct,0.3665826567447354
R-M-Vel_x,R2B_rot,0.3665024764683662
R-F-TaG_z,R2A_abduct,0.366406877135613
L-H-TaG_z,R1A_flex,-0.3661022743159089
x_vel_lag_minus_1,L2D_flex,0.3657759238401529
x_vel_lag_plus_1,L2D_flex,0.36500452541998285
R-F-Vel_r,L1B_flex,0.36483359715603453
R-F-Vel_y,L3D_flex,-0.36482440171055186
R-F-TaG_z,R1C_flex,-0.3645323743817065
L-H-TaG_z,L2D_flex,-0.3644778923492728
y_vel_lag_minus_20,R3A_flex,-0.3644477894814232
z_vel_lag_plus_10,R2A_abduct,0.3640912498701438
x_vel_ma20,R3C_rot,0.36402602368260234
R-H-TaG_y,L2C_rot,-0.3638742985187922
x_vel_lag_minus_2,L2D_flex,0.36381860832290397
x_vel_lag_plus_10,R1B_rot,-0.363600319391063
L-M-Vel_r,R1A_rot,-0.3635044026622724
R-M-TaG_y,R1A_flex,-0.363472176170219
L-M-Vel_y,L3D_flex,-0.36208108865880223
x_vel_lag_plus_2,L2D_flex,0.36204719690763476
z_vel_lag_minus_20,L2D_flex,0.3617292717707069
x_vel_lag_minus_3,L2D_flex,0.36161131874750874
L-H-Vel_r,R3B_flex,-0.36160630725652326
z_vel_lag_minus_20,R2A_abduct,0.36094712209538776
x_vel_lag_plus_3,R3C_rot,0.36066599379789216
R-F-Vel_r,L1C_flex,0.3603246077115562
L-H-TaG_x,L2A_rot,-0.3602707654276189
z_vel_lag_plus_5,R2A_abduct,0.36020901660353305
x_vel_lag_plus_2,R3C_rot,0.3601257445764765
L-F-Vel_r,L3A_rot,0.35999864125716186
z_vel_ma10,R2A_abduct,0.35948487399901863
R-F-Vel_z,R2B_rot,-0.35911840517631305
z_vel_lag_minus_10,R2A_flex,0.3590719495292761
z_vel_lag_minus_5,R2A_flex,0.3589225351980208
z_vel_ma20,R2A_flex,0.3587695342850994
x_vel_lag_plus_1,R3C_rot,0.3587636484019403
x_vel_lag_plus_5,R3C_rot,0.35868792558021995
z_vel_lag_plus_3,R2A_abduct,0.35859624406273705
x_vel_lag_plus_3,L2D_flex,0.35855644269376413
L-M-TaG_r,L2B_flex,-0.35828806333260915
x_vel_ma10,R3C_rot,0.3582323660872338
R-M-Vel_z,L3A_rot,0.3582226091424072
z_vel_lag_minus_3,R2A_flex,0.35791484779252636
z_vel_lag_plus_2,R2A_abduct,0.35785376222630944
y_vel_lag_minus_1,L2C_flex,-0.35760189672754505
z_vel_ma5,R2A_abduct,0.35750250035041126
x_vel_ma5,R3C_rot,0.35745641542723666
xy_velocity,R3C_rot,0.35718663947527374
z_vel_lag_plus_1,R2A_abduct,0.3571709101152308
z_vel_lag_minus_2,R2A_flex,0.3571432900098434
x_vel_lag_minus_5,L2D_flex,0.35707770236322545
y_vel_ma20,L2C_flex,-0.35659486401476576
y_vel_lag_plus_20,L1A_abduct,-0.356592276276862
z_vel_ma10,R2A_flex,0.35652510290189193
R-F-TaG_z,L2C_flex,0.3563549804136161
y_vel_lag_minus_5,L1A_abduct,-0.3562508809210749
z_vel_lag_minus_1,R2A_flex,0.356137783674737
z_vel_lag_minus_1,R2A_abduct,0.3561104992077978
z_vel_lag_minus_10,R2A_abduct,0.3558325368770298
z_vel_lag_minus_2,R2A_abduct,0.35576115732651487
z_vel_lag_minus_3,R2A_abduct,0.355504588366075
z_vel_lag_minus_5,R2A_abduct,0.35524290737187464
y_vel_ma10,L2C_flex,-0.35519106302411785
z_vel_ma5,R2A_flex,0.35511051406093735
L-F-Vel_r,R1B_flex,0.35465087641592247
L-M-TaG_r,L2A_rot,0.35456471096294007
L-H-TaG_y,R1A_abduct,0.35420466894696667
R-M-Vel_x,R2A_rot,-0.3541199446161645
L-H-Vel_z,R3C_rot,-0.3541165323260982
R-F-TaG_z,L2D_flex,0.3534793551710106
L-F-TaG_y,R2A_flex,0.35331887180908544
z_vel_lag_plus_1,R2A_flex,0.3530335311044614
xz_velocity,L2D_flex,0.35297597844067136
x_vel_lag_minus_1,R3C_rot,0.3528762031310705
x_vel_lag_minus_10,R1B_flex,-0.3527653313393223
velocity_magnitude,R3C_rot,0.3525662837509111
x_vel_lag_minus_5,L1B_flex,-0.35236449734931785
R-F-TaG_z,L2B_rot,-0.3519369067175508
L-M-TaG_y,L1B_flex,-0.35157415960999533
x_vel_lag_minus_10,R3C_rot,0.35140030838027503
R-F-Vel_z,L1A_flex,0.35139766918361964
x_vel_lag_minus_3,L1B_flex,-0.35125334060987085
x_vel_lag_plus_20,R1B_rot,-0.3511871273094719
xy_velocity,L1B_flex,-0.35091003785462466
z_vel_lag_plus_2,R2A_flex,0.3509029904874424
x_vel_lag_minus_10,L2D_flex,0.3506374423637569
x_vel_lag_plus_5,L2D_flex,0.350292710760246
xz_velocity,R3C_rot,0.35020608715242707
R-H-TaG_y,L3C_rot,-0.34987656076327767
y_vel_lag_plus_10,R3A_flex,-0.3493207699007494
L-H-TaG_y,L1B_flex,0.3491035642059105
x_vel_lag_minus_2,R3C_rot,0.3490572609032175
L-F-TaG_z,R3C_flex,-0.3490459267714843
y_vel_lag_plus_10,R1A_abduct,-0.3490218640344258
y_vel_ma20,R3A_flex,-0.3489600377386685
L-F-TaG_z,L1A_abduct,0.3485039829970145
L-H-Vel_z,R3D_flex,-0.3484977039627313
R-H-TaG_r,R2C_flex,-0.3484906465538501
z_vel_lag_plus_3,R2A_flex,0.34843521281277906
L-F-TaG_r,R2B_flex,-0.3480801078042874
R-F-Vel_y,R1B_rot,-0.3476325434024324
L-M-Vel_x,L2A_rot,-0.3473769847601143
xy_velocity,L2D_flex,0.34734129393713103
R-H-Vel_y,L1C_flex,-0.3471996653402327
R-M-Vel_x,L3C_flex,0.3470074498624756
x_vel_lag_minus_20,L1B_flex,-0.34694352282501706
L-M-Vel_r,L2B_rot,-0.3467699543986168
x_vel_ma20,L1B_rot,0.3464886730784913
L-F-TaG_z,L3D_flex,0.34624912357294557
x_vel_lag_minus_2,L1B_flex,-0.34622506292679345
L-H-TaG_y,L1A_flex,0.3460981604070441
R-M-TaG_r,R2D_flex,-0.3459818180750409
R-F-Vel_r,L3A_rot,-0.34589935550479883
x_vel_lag_minus_3,R3C_rot,0.3458869591173182
R-H-TaG_z,R3A_flex,-0.3458826900710792
L-F-TaG_z,L2C_rot,-0.34565662796430935
velocity_magnitude,L1B_flex,-0.34550520072955804
R-H-TaG_z,R2A_rot,-0.3454709173240958
L-M-Vel_x,L3C_flex,0.3450071750964932
x_vel_lag_minus_20,R3C_rot,0.3449744901739481
L-H-TaG_x,L2B_flex,0.3443562225769937
y_vel_ma5,L2C_flex,-0.34426905445987677
R-F-Vel_z,L2B_rot,-0.34337864354247677
y_vel_lag_plus_5,L1A_abduct,-0.3431191366715046
z_vel_lag_minus_20,R2A_flex,0.3428961777425264
z_vel_lag_plus_5,R2A_flex,0.34287307698459196
L-H-Vel_y,L1D_flex,0.3427066244562015
x_vel_lag_minus_5,R3C_rot,0.342704938213531
x_vel_ma10,L1B_rot,0.3423350228885669
x_vel_ma20,R2D_flex,0.34232942766955
xy_velocity,L1B_rot,0.34170838107382095
L-F-TaG_y,L1C_rot,-0.341001158919334
y_vel_lag_plus_5,R1A_abduct,-0.34086910281573546
x_vel_lag_plus_10,R3C_rot,0.34081675143116397
L-M-TaG_y,R3C_flex,-0.34045524974436847
R-H-TaG_r,L1A_flex,-0.340016392140208
x_vel_ma5,L1B_rot,0.3397173044086821
xz_velocity,L1B_rot,0.3394860310910397
velocity_magnitude,L1B_rot,0.3392050045514449
L-F-Vel_z,R1A_flex,0.3388996696713439
x_vel_lag_minus_1,L1B_flex,-0.3386167941242017
L-H-TaG_y,L1C_flex,0.3382752559716561
L-M-TaG_x,R1B_rot,0.3379900711431857
z_vel_ma20,R1A_abduct,0.3379580725533876
x_vel_lag_plus_1,L1B_rot,0.3379538787983733
x_vel_lag_minus_1,L1B_rot,0.33794844925695566
x_vel_ma10,R2D_flex,0.3377249470027249
z_vel_lag_minus_20,R3C_rot,0.3377111418939307
R-F-TaG_z,R2A_flex,0.33760300814990485
L-F-Vel_r,R1C_flex,0.33759301139265746
R-H-Vel_y,R2A_flex,-0.3374796719434652
R-H-TaG_y,R2B_rot,0.3373470489551193
x_vel_lag_minus_2,L1B_rot,0.33697858959508525
x_vel_lag_plus_2,L1B_rot,0.3369665837832436
y_vel_lag_plus_20,R1A_abduct,-0.33693248326955894
R-H-Vel_y,R1A_abduct,-0.3368473062945446
y_vel_lag_minus_5,R1A_abduct,-0.33680731059422253
R-H-TaG_r,L3A_flex,-0.3365508334062372
velocity_magnitude,L2D_flex,0.33624256316638834
x_vel_lag_minus_3,L1B_rot,0.3361353790588638
x_vel_lag_plus_3,L1B_rot,0.33609113780621014
L-F-Vel_z,R1C_flex,0.3358834352057361
x_vel_lag_minus_3,R2D_flex,0.3349883738026084
L-F-Vel_r,R3B_flex,-0.3349429524977204
R-M-Vel_y,R3C_rot,-0.334912954625628
x_vel_lag_minus_2,R2D_flex,0.33489884884463317
x_vel_lag_minus_5,R2D_flex,0.33486956778542887
x_vel_lag_minus_1,R2D_flex,0.3348342425908191
x_vel_ma10,L1B_flex,-0.33475056487470023
x_vel_ma5,R2D_flex,0.3347385456536846
x_vel_ma20,L1B_flex,-0.33471474829154707
y_vel_lag_minus_10,L2C_flex,-0.3345028098833455
L-M-Vel_r,R1B_flex,-0.3344414093524053
y_vel_lag_plus_10,L1A_abduct,-0.33385080144822665
x_vel_lag_plus_5,L1B_rot,0.3338247089695679
x_vel_lag_minus_5,L1B_rot,0.33364860647661443
L-F-Vel_y,R3D_flex,-0.33346844688484834
L-H-TaG_z,L2C_flex,-0.3333648425064816
z_vel_ma10,R1A_abduct,0.3330880399152653
x_vel_lag_minus_3,L3D_flex,0.3329809168999764
x_vel_lag_minus_5,L3D_flex,0.33280246876760367
R-F-Vel_r,R2B_rot,-0.33221535648942185
xy_velocity,R1B_flex,-0.3321096321638669
L-H-TaG_y,R2C_rot,0.33182430828867
R-M-TaG_z,L2A_abduct,-0.33176996298456707
x_vel_lag_plus_10,L2D_flex,0.33163916553429834
z_vel_ma5,R1A_abduct,0.3315566207502053
x_vel_lag_plus_1,R2D_flex,0.33133718968827425
z_vel_lag_plus_2,R1A_abduct,0.33122313771514045
z_vel_lag_plus_3,R1A_abduct,0.331222957322794
z_vel_lag_plus_1,R1A_abduct,0.3310904276802621
R-F-TaG_r,R2C_flex,-0.3310413561286646
x_vel_ma20,R1B_flex,-0.3310287418935186
xz_velocity,L1B_flex,-0.3308926633140843
R-F-Vel_r,R3A_rot,-0.3308657700913217
z_vel_lag_plus_5,R1A_abduct,0.33076883764198106
R-H-TaG_z,L1A_flex,-0.3306008855519823
z_vel_lag_minus_1,R1A_abduct,0.3304879593945993
L-H-TaG_y,R1B_flex,-0.33043699191463477
x_vel_ma5,L1B_flex,-0.33038584044485614
x_vel_lag_minus_20,L2D_flex,0.3301212863057693
z_vel_lag_minus_2,R1A_abduct,0.33010049335237135
x_vel_lag_minus_2,L3D_flex,0.3300932060897514
L-M-Vel_r,R3B_flex,0.3300303222945624
x_vel_lag_minus_10,R2D_flex,0.3296821160823156
z_vel_lag_minus_3,R1A_abduct,0.3296710900281763
R-H-Vel_z,L3D_flex,-0.32948360845853325
z_vel_lag_plus_10,R2A_flex,0.32904885624177393
z_vel_ma20,L2B_flex,0.3290409767474514
z_vel_lag_minus_10,R3C_rot,0.3289506587454383
L-M-Vel_x,R3C_flex,-0.3288473578911607
z_vel_lag_minus_5,R1A_abduct,0.32863484458368336
L-H-Vel_r,L1A_rot,0.3285713434749055
L-H-TaG_y,R3C_rot,0.328098866749923
L-F-TaG_z,R1A_abduct,0.32809378177310494
z_vel_lag_minus_5,L2B_flex,0.3280840820715535
z_vel_lag_minus_3,L2B_flex,0.3280637760376978
L-F-TaG_y,R3B_flex,0.32784060672278803
x_vel_lag_plus_2,R2D_flex,0.32782215298149864
R-H-Vel_r,L3A_rot,-0.32778997810071164
x_vel_lag_minus_10,L1B_flex,-0.32768420545056176
L-H-Vel_y,L3A_rot,-0.32766386042076623
x_vel_lag_minus_5,R1B_flex,-0.3276521486889613
z_vel_lag_minus_2,L2B_flex,0.3275088425649362
R-H-TaG_r,L2B_flex,-0.32739845722683175
R-F-TaG_z,R3C_flex,0.32722956226710526
L-H-TaG_z,L3C_rot,0.32701622903783356
z_vel_ma10,L2B_flex,0.32700861437791046
y_vel_lag_minus_20,L2C_flex,-0.32666857064231525
z_vel_lag_minus_1,L2B_flex,0.3266642846039121
x_vel_ma20,L3D_flex,0.32658962650283563
L-F-Vel_r,L3B_flex,0.3265708465650294
L-F-Vel_z,L2B_rot,0.32646747086930955
y_vel_ma10,R1A_abduct,-0.32645411878755365
z_vel_lag_plus_10,R1A_abduct,0.32612749566643057
x_vel_lag_minus_1,L3D_flex,0.3259366749996629
L-H-Vel_r,R2A_rot,-0.3259204642131709
z_vel_ma5,L2B_flex,0.3258402351826944
L-M-Vel_r,R3C_flex,0.32579382340628743
R-F-TaG_r,L1A_flex,-0.32554076495126216
y_vel_lag_plus_5,L1C_rot,0.32536820666271565
x_vel_ma10,L3D_flex,0.3253419238883983
L-M-Vel_r,R1C_flex,-0.3250853438362038
y_vel_lag_minus_5,R3A_flex,-0.32486603092377914
x_vel_ma10,R1B_flex,-0.3247243321309936
x_vel_lag_minus_20,R1B_flex,-0.32462678090175195
y_vel_lag_minus_10,L1A_abduct,-0.32452518207951975
z_vel_lag_minus_10,R1A_abduct,0.32437606141599884
R-F-TaG_z,L3C_flex,-0.32436881733845113
L-M-TaG_z,L2A_flex,-0.3243086191434261
x_vel_lag_plus_3,R2D_flex,0.32427840418450243
z_vel_lag_plus_1,L2B_flex,0.32401975350522977
L-F-Vel_y,R3C_rot,-0.32374243085236226
R-F-Vel_r,L3B_flex,-0.3233493404572435
R-F-Vel_r,L2B_rot,-0.3230774164982679
velocity_magnitude,R1B_flex,-0.323072326659648
y_vel_lag_plus_1,L2C_flex,-0.32292148898349204
x_vel_lag_plus_2,R1B_flex,-0.322581228444689
x_vel_lag_plus_20,R3C_rot,0.3225069723408829
x_vel_lag_plus_3,R1B_flex,-0.32249077828447587
L-H-TaG_r,R2B_flex,-0.32245777032960105
z_vel_lag_plus_2,L2B_flex,0.3224377320585636
z_vel_lag_minus_10,L2B_flex,0.32236274478265486
L-F-TaG_x,L1C_rot,-0.32229511550366424
R-M-Vel_x,R3C_flex,-0.32200300920209063
L-H-Vel_r,L1B_flex,-0.32199424596762943
y_vel_ma20,L2C_rot,0.3218232069680971
y_vel_lag_minus_10,R3A_flex,-0.32174046176665855
x_vel_ma5,L3D_flex,0.3216800011794072
x_vel_ma5,R1B_flex,-0.3214846645526168
x_vel_lag_plus_1,R1B_flex,-0.32139857628835755
L-M-TaG_y,L3B_rot,0.32110892896120813
z_vel_lag_plus_3,L2B_flex,0.32093900911035045
x_vel_lag_minus_10,L1B_rot,0.3208144943788769
L-M-TaG_y,L1D_flex,-0.3207438486336502
xz_velocity,R2D_flex,0.32066076994859455
x_vel_lag_minus_3,R1B_flex,-0.32025600868651743
R-H-TaG_r,R3B_rot,0.3202188616778317
x_vel_lag_plus_10,L1B_rot,0.31998665349382804
x_vel_lag_plus_1,L1B_flex,-0.3195682767361249
L-F-Vel_z,R1B_flex,0.31933258101881734
R-M-TaG_y,R3D_flex,0.31909554742517804
xy_velocity,L3D_flex,0.3190188080588346
L-F-Vel_z,L1D_flex,-0.3188951104765485
L-H-TaG_x,L2D_flex,0.3188557376810702
x_vel_lag_minus_2,R1B_flex,-0.31878511610743765
x_vel_lag_minus_1,R1B_flex,-0.31869336888987565
z_vel_lag_plus_5,L2B_flex,0.3184166466806774
R-M-Vel_r,L1B_flex,-0.31791391932651936
z_vel_lag_minus_20,R1A_abduct,0.3178206597123247
L-M-TaG_y,R1D_flex,0.31771497372279
L-M-Vel_r,L2A_rot,0.3175225823429143
R-H-TaG_z,R2D_flex,-0.31749058180883055
x_vel_lag_plus_5,R1B_flex,-0.31740134826110966
xz_velocity,R1B_flex,-0.31733087718965364
x_vel_lag_plus_5,R2D_flex,0.31731708331219305
z_vel_lag_plus_20,R1A_abduct,0.3171962957079522
L-M-TaG_x,L1B_flex,0.3170695142723648
L-M-Vel_x,R3B_flex,-0.3169008273441677
z_vel_lag_plus_20,R2A_flex,0.3165343837850783
R-H-Vel_y,R1D_flex,0.31650559197856887
R-H-Vel_r,R1A_rot,-0.3161935108816708
L-F-TaG_r,R2A_abduct,-0.316057764205726
R-H-TaG_z,R1A_rot,0.31506417944035114
R-M-Vel_y,R1D_flex,-0.31504875801836263
x_vel_lag_plus_1,L3D_flex,0.31416869958877364
y_vel_lag_plus_3,R1A_abduct,-0.3140233313224503
L-M-Vel_x,L2B_rot,0.3136685256485024
R-H-Vel_y,L3A_rot,0.31355791274140976
z_vel_lag_plus_10,L2B_flex,0.313384363937585
R-H-TaG_z,L1A_abduct,-0.31330503535990023
L-M-Vel_z,L2A_rot,0.31318443196037005
R-H-TaG_z,R1B_flex,0.3131234490996703
R-F-TaG_z,L1A_abduct,0.3127672824651883
R-M-TaG_x,R2B_flex,0.31250622842388986
x_vel_lag_minus_20,R2D_flex,0.31206861296408855
L-F-Vel_z,R2B_rot,0.3117480657787362
z_vel_lag_minus_10,L2B_rot,-0.31157865057116313
y_vel_lag_plus_10,L2C_rot,0.31133455682466366
y_vel_ma20,L1C_rot,0.3112366769529736
xz_velocity,L3D_flex,0.31110912849399924
velocity_magnitude,L3D_flex,0.3110882171321244
z_vel_lag_minus_5,L2B_rot,-0.31089637581648183
L-F-Vel_y,L3C_flex,0.3107790188676119
x_vel_lag_plus_2,L1B_flex,-0.3104704056291446
x_vel_lag_plus_10,L1B_flex,-0.31035161747955564
R-M-Vel_r,R1A_rot,0.3103281908050056
R-M-TaG_r,L1B_rot,0.31027533787428596
y_vel_lag_plus_10,L1C_rot,0.31022032685266715
R-M-TaG_y,R2B_flex,-0.31021115741893934
z_vel_ma20,L2B_rot,-0.3101492838612327
R-M-TaG_y,R3A_rot,-0.30999980325870446
y_vel_lag_minus_20,R1A_abduct,-0.3096757090965151
y_vel_ma20,R2A_flex,-0.3088502479472894
z_vel_lag_minus_3,L2B_rot,-0.3085602971280594
L-F-TaG_z,L3C_flex,0.3081822704765808
z_vel_lag_minus_5,R3C_rot,0.3080969351732622
x_vel_lag_plus_2,L3D_flex,0.3080130041732696
L-F-Vel_r,R2B_rot,0.30777560510212937
y_vel_lag_minus_3,R3A_flex,-0.3076823714555374
xy_position,L1A_abduct,0.3076790313896059
xz_position,L1A_abduct,0.3076790313896059
x_vel_ma20,L2A_abduct,0.30753067995885364
L-M-Vel_y,L2B_rot,0.3071980191677309
xy_velocity,L2A_abduct,0.30714575320492016
z_vel_lag_minus_2,L2B_rot,-0.30704110719152483
L-M-Vel_x,R1A_rot,0.30668886469414286
x_vel_lag_plus_20,R1B_flex,-0.30660378933607346
R-F-TaG_y,L3A_rot,0.3064659563464134
L-M-TaG_x,R3C_rot,-0.3064229104821611
L-H-Vel_r,R1B_flex,0.30638509959783183
L-M-Vel_r,L3C_flex,-0.3063255111806798
L-H-Vel_r,R3D_flex,-0.3062667244115091
z_vel_ma10,L2B_rot,-0.3061700707902226
y_vel_ma10,R3A_flex,-0.3061691746036727
R-H-Vel_r,L3D_flex,-0.3061561983218659
y_vel_lag_minus_3,R1A_abduct,-0.3060431247103915
L-M-TaG_r,R1B_rot,-0.30586385317724357
x_vel_ma10,L2A_abduct,0.3058386377507526
R-M-TaG_x,R2A_rot,0.30559957234020724
L-F-Vel_r,R2A_rot,-0.30557460977983913
L-M-TaG_y,L1A_abduct,0.3055726817218842
L-H-Vel_r,L2B_rot,0.30554223327836505
R-F-TaG_y,L3B_flex,0.30538049777612764
z_vel_lag_minus_1,L2B_rot,-0.30529778909362687
x_vel_lag_plus_20,L2D_flex,0.3052505148507736
x_vel_ma5,L2A_abduct,0.3052214117523426
R-M-TaG_y,R3C_rot,0.3051857627024153
R-M-Vel_r,L1A_rot,0.3051827976881913
x_vel_lag_plus_10,L3D_flex,0.3047007453885329
R-H-TaG_z,R2C_rot,-0.30453622864275814
y_vel_ma10,L2C_rot,0.3042878299753099
x_vel_lag_plus_1,L2A_abduct,0.3041591014812056
R-H-TaG_z,L2B_rot,0.304021432383126
x_vel_lag_minus_1,L2A_abduct,0.3040048195402227
L-M-TaG_y,R3B_flex,-0.30380360473259427
z_vel_ma5,L2B_rot,-0.30377696939519927
velocity_magnitude,L2A_abduct,0.3037558908278251
x_vel_lag_minus_10,L3D_flex,0.3037285427513591
x_vel_lag_plus_2,L2A_abduct,0.30361217146723984
x_vel_lag_plus_3,L3D_flex,0.3033082365903621
z_vel_lag_plus_20,L1C_rot,-0.30329507743975165
x_vel_lag_minus_2,L2A_abduct,0.3032712531737549
L-F-TaG_y,L3C_flex,-0.3032246592796865
x_vel_lag_plus_10,L2A_abduct,0.30316428182102556
x_vel_lag_plus_20,L2A_abduct,0.3030388635361028
x_vel_lag_plus_3,L1B_flex,-0.3029104492897931
x_vel_lag_plus_3,L2A_abduct,0.302889300217771
R-M-TaG_x,L2A_rot,-0.30276967334517
L-H-TaG_r,R1A_flex,-0.30271456460615315
R-M-TaG_z,L1A_abduct,-0.3025263167128834
xy_velocity,R2D_flex,0.30242034024996783
x_vel_lag_minus_3,L2A_abduct,0.30221554917787796
L-F-Vel_r,L1D_flex,-0.3022148390271681
y_vel_lag_plus_2,L2C_flex,-0.3020373911417048
x_vel_lag_plus_5,L2A_abduct,0.30162173233256606
y_vel_lag_plus_2,R1A_abduct,-0.3015879755795358
L-M-Vel_x,R1B_flex,0.30153531767496977
y_vel_lag_minus_3,L2C_rot,0.30148536242270313
R-H-TaG_y,L3A_rot,0.3011304067807123
R-H-Vel_y,R3B_flex,-0.3009911395160402
z_vel_lag_plus_1,L2B_rot,-0.30077894698518337
R-H-TaG_z,L2B_flex,-0.30031036818668483
R-F-TaG_r,R1D_flex,0.3001165691636876
L-H-Vel_y,R1A_rot,-0.30003051528328784
L-M-TaG_y,L2B_flex,-0.3000085261656992
